time,watts
1790443211.970,9
1790443213.182,9
1790443214.392,9
1790443215.663,9
1790443216.874,9
1790443218.086,9
1790443220.018,9
1790443221.229,9
1790443222.440,9
1790443223.711,9
1790443224.922,9
1790443226.131,9
1790443227.343,9
1790443228.554,9
1790443229.762,9
1790443231.211,9
1790443232.421,9
1790443233.632,9
1790443234.902,9
1790443236.114,9
1790443237.324,9
1790443238.535,9
1790443239.746,9
1790443241.015,9
1790443242.287,9
1790443243.498,9
1790443244.707,9
1790443245.919,9
1790443247.131,9
1790443248.400,9
1790443249.611,9
1790443250.823,9
1790443252.033,9
1790443253.364,9
1790443254.576,9
1790443255.786,9
1790443256.995,9
1790443258.206,9
1790443259.476,9
1790443260.686,9
1790443266.701,
1790443272.718,
1790443278.735,
1790443279.826,8
1790443281.036,8
1790443282.247,8
1790443288.264,
1790443293.861,8
1790443297.955,7
1790443299.586,7
1790443305.602,
1790443308.737,
1790443310.670,6
1790443311.881,6
1790443313.093,5
1790443314.303,5
1790443315.513,5
1790443316.722,5
1790443317.931,5
1790443319.139,5
1790443320.408,5
1790443321.796,5
1790443323.065,5
1790443324.274,5
1790443325.483,5
1790443326.693,5
1790443327.902,5
1790443329.111,5
1790443330.320,5
1790443331.529,5
1790443333.097,5
1790443334.306,5
1790443335.574,5
1790443336.785,5
1790443337.995,4
1790443339.205,4
1790443340.412,4
1790443341.623,4
1790443342.834,4
1790443344.345,4
1790443345.556,4
1790443346.767,4
1790443347.977,4
1790443349.194,4
1790443350.404,4
1790443351.615,4
1790443352.826,4
1790443354.036,4
1790443355.847,4
1790443357.061,4
1790443358.270,4
1790443359.480,4
1790443360.755,4
1790443361.966,4
1790443363.177,4
1790443364.388,4
1790443365.600,4
1790443366.932,4
1790443368.142,4
1790443369.412,4
1790443370.622,4
1790443371.830,4
1790443377.847,
1790443383.864,
1790443387.298,4
1790443388.509,5
1790443389.720,5
1790443395.737,
1790443401.754,
1790443403.568,
1790443404.778,5
1790443405.988,5
1790443407.198,5
1790443408.407,5
1790443414.424,
1790443415.635,5
1790443416.849,5
1790443418.061,5
1790443419.270,5
1790443420.904,5
1790443422.115,5
1790443423.325,5
1790443424.536,5
1790443425.744,5
1790443427.015,5
1790443428.226,4
1790443429.437,4
1790443430.647,4
1790443431.977,4
1790443433.187,4
1790443434.397,4
1790443435.607,4
1790443436.877,4
1790443438.085,4
1790443439.296,4
1790443440.505,4
1790443441.715,4
1790443443.045,4
1790443444.256,4
1790443445.466,4
1790443446.677,4
1790443447.886,4
1790443449.096,4
1790443450.366,4
1790443451.576,4
1790443452.788,4
1790443454.239,4
1790443455.449,4
1790443456.661,4
1790443457.872,4
1790443459.082,4
1790443460.291,4
1790443461.500,4
1790443462.710,4
1790443463.919,4
1790443465.247,4
1790443466.457,4
1790443467.667,4
1790443468.877,4
1790443470.085,4
1790443471.295,4
1790443472.504,4
1790443473.713,4
1790443474.983,4
1790443476.502,4
1790443477.711,4
1790443483.726,
1790443489.742,
1790443493.538,4
1790443499.556,
1790443505.572,
1790443507.383,5
1790443508.593,5
1790443509.804,5
1790443511.074,5
1790443517.090,
1790443518.481,4
1790443519.691,4
1790443520.902,4
1790443522.113,4
1790443523.323,4
1790443526.649,
1790443527.798,4
1790443529.668,4
1790443530.879,4
1790443532.088,4
1790443533.297,4
1790443534.567,4
1790443535.778,4
1790443536.989,4
1790443538.199,4
1790443539.408,4
1790443540.797,4
1790443542.008,4
1790443543.216,4
1790443544.425,4
1790443545.634,4
1790443546.843,4
1790443548.053,4
1790443549.263,4
1790443550.531,4
1790443551.799,4
1790443553.007,4
1790443554.218,4
1790443555.427,4
1790443556.636,4
1790443557.905,4
1790443559.113,4
1790443560.323,4
1790443561.532,4
1790443562.980,4
1790443564.189,4
1790443565.399,4
1790443566.608,4
1790443567.816,4
1790443569.025,4
1790443570.237,4
1790443571.448,4
1790443572.719,4
1790443574.049,4
1790443575.258,4
1790443576.467,4
1790443577.676,4
1790443578.885,4
1790443580.096,4
1790443581.306,4
1790443582.516,4
1790443583.726,3
1790443585.297,3
1790443586.506,3
1790443587.715,3
1790443588.983,3
1790443590.193,3
1790443591.404,3
1790443592.613,3
1790443593.823,3
1790443595.032,3
1790443596.485,3
1790443597.695,3
1790443598.963,3
1790443600.172,3
1790443601.382,3
1790443602.592,3
1790443603.801,3
1790443605.009,3
1790443606.219,3
1790443607.548,3
1790443608.757,3
1790443609.964,3
1790443611.173,3
1790443612.383,3
1790443613.653,3
1790443614.862,3
1790443616.077,3
1790443617.287,3
1790443618.736,3
1790443620.008,3
1790443621.218,3
1790443622.429,3
1790443623.638,3
1790443624.847,3
1790443626.059,3
1790443627.267,3
1790443628.537,3
1790443629.806,3
1790443631.015,3
1790443632.225,3
1790443633.434,3
1790443634.704,3
1790443635.913,3
1790443637.123,3
1790443638.343,3
1790443639.553,3
1790443641.002,3
1790443642.212,3
1790443643.481,3
1790443644.690,3
1790443645.898,3
1790443647.109,3
1790443648.319,3
1790443649.529,3
1790443650.738,3
1790443652.189,3
1790443653.398,3
1790443654.610,3
1790443655.819,3
1790443657.089,3
1790443658.298,3
1790443659.508,3
1790443660.717,3
1790443661.927,3
1790443663.318,3
1790443664.528,3
1790443665.798,3
1790443667.007,3
1790443668.217,3
